source,target,weight
energy,new,125
clean,energy,121
get,new,121
new,one,115
energy,get,112
new,support,111
get,one,110
energy,year,109
new,year,109
energy,one,109
new,use,108
clean,new,107
change,new,107
find,new,107
find,get,106
help,new,105
new,news,105
change,energy,103
climate,energy,103
get,support,103
get,news,102
much,new,101
energy,support,101
energy,use,100
one,support,100
change,get,100
get,use,99
much,one,99
help,one,99
get,help,99
get,much,99
support,use,99
find,one,98
energy,help,98
get,year,98
one,use,98
change,one,97
change,support,97
new,report,97
clean,get,97
first,new,96
energy,much,96
energy,first,96
one,year,96
energy,news,96
clean,year,96
get,never,96
find,support,96
new,policy,96
energy,million,95
help,support,95
energy,next,95
change,much,95
best,new,95
energy,years,95
help,much,95
energy,find,95
help,use,94
much,use,94
new,work,94
clean,one,94
much,year,94
news,one,94
best,get,94
energy,work,94
community,energy,93
jobs,new,93
new,next,93
much,support,93
get,report,92
new,small,92
never,new,92
change,year,92
new,time,92
new,years,92
change,find,92
change,news,92
new,rights,92
county,get,92
news,use,92
address,new,92
change,use,91
county,new,91
change,jobs,91
news,support,91
new,two,91
find,use,91
clean,climate,91
use,year,91
community,new,91
find,news,91
find,never,91
energy,time,91
million,new,91
health,new,91
first,get,90
clean,use,90
change,help,90
policy,use,90
change,clean,90
get,time,90
energy,report,90
get,small,90
one,report,90
clean,fund,90
energy,fund,90
find,much,90
help,news,90
jobs,support,90
making,new,90
clean,support,90
climate,new,89
news,year,89
news,policy,89
support,year,89
energy,jobs,88
address,support,88
much,policy,88
one,small,88
address,get,88
address,change,88
get,years,88
best,one,88
jobs,use,88
get,policy,88
find,help,88
get,things,88
much,news,88
clean,help,88
new,things,88
get,health,87
never,one,87
small,use,87
report,use,87
enough,new,87
get,next,87
best,find,87
energy,two,87
million,year,87
making,one,87
work,year,87
report,support,87
clean,much,87
clean,work,87
county,one,86
new,public,86
jobs,much,86
clean,community,86
find,report,86
best,support,86
community,use,86
clean,news,86
new,still,86
best,energy,86
first,one,86
get,making,86
jobs,one,86
address,one,86
change,climate,86
get,jobs,86
help,year,86
help,report,86
year,years,85
address,find,85
change,small,85
change,time,85
change,never,85
county,use,85
find,year,85
address,much,85
time,year,85
get,rights,85
get,work,85
change,report,85
community,support,85
best,change,85
change,first,85
much,small,85
energy,small,85
one,time,85
energy,never,85
news,report,85
new,sign,85
energy,rights,85
never,support,85
community,one,85
help,policy,85
making,support,85
county,support,85
rights,support,85
find,making,85
one,still,84
enough,get,84
get,still,84
new,take,84
one,policy,84
one,years,84
change,policy,84
one,work,84
change,rights,84
policy,support,84
first,year,84
small,support,84
much,things,84
get,two,84
clean,find,84
help,small,84
things,use,84
policy,year,84
find,policy,84
energy,making,84
clean,million,84
change,making,83
find,jobs,83
county,energy,83
contact,use,83
address,use,83
county,news,83
contact,new,83
clean,next,83
energy,health,83
best,much,83
making,much,83
clean,years,83
help,jobs,83
health,one,83
clean,jobs,83
county,help,83
use,work,83
one,rights,83
making,use,83
first,news,83
much,report,83
energy,program,83
get,million,83
news,small,82
energy,last,82
contact,news,82
fund,new,82
first,support,82
address,news,82
best,never,82
terms,use,82
energy,tax,82
one,two,82
small,year,82
address,help,82
first,help,82
first,much,82
community,get,82
help,making,82
county,much,82
never,news,82
find,things,82
find,small,82
one,things,82
address,energy,82
get,take,82
energy,policy,82
health,support,81
county,find,81
give,new,81
first,use,81
support,work,81
energy,public,81
contact,help,81
find,still,81
best,help,81
contact,much,81
change,enough,81
last,new,81
next,one,81
law,new,81
contact,policy,81
best,news,81
best,use,81
support,things,81
little,new,81
news,sign,81
clean,first,81
get,sign,80
making,news,80
change,things,80
get,little,80
policy,privacy,80
enough,one,80
million,use,80
find,health,80
million,one,80
climate,year,80
clean,last,80
community,help,80
best,clean,80
change,county,80
support,time,80
change,health,80
jobs,news,80
clean,report,80
next,year,80
energy,way,80
