token,doc_freq
energy,144
new,143
get,129
clean,128
one,123
year,122
support,118
use,118
change,117
news,116
rights,115
find,114
help,114
much,111
first,105
work,104
climate,103
years,103
report,103
jobs,103
next,102
community,102
policy,101
million,101
time,100
two,100
best,100
small,99
never,98
county,98
making,97
health,97
address,96
fund,94
things,92
public,92
take,92
last,91
still,90
contact,89
enough,88
program,88
give,86
sign,86
way,85
terms,84
law,84
little,83
privacy,83
tax,83
