token,freq
energy,940
mercury,785
pcef,637
climate,572
program,550
clean,521
new,520
news,475
million,459
get,444
one,437
fund,435
tax,418
year,388
years,369
community,328
council,325
support,321
change,308
help,307
county,306
measure,294
projects,285
sponsored,276
next,275
first,273
funding,268
policy,265
use,265
grant,264
trump,264
time,259
public,258
health,254
housing,252
money,250
work,246
much,242
gas,238
says,232
report,230
find,227
want,226
going,224
plan,214
say,211
local,210
last,202
learn,202
way,202
