source,target,weight
policy,rights,99
new,rights,97
reserved,rights,97
policy,reserved,97
new,policy,97
policy,privacy,96
privacy,rights,96
new,reserved,95
policy,rules,94
create,rights,94
inc,policy,94
privacy,reserved,94
rights,rules,94
inc,rights,94
new,privacy,94
create,rules,94
create,policy,94
accessibility,rights,93
create,privacy,93
create,reserved,93
accessibility,policy,93
accessibility,create,93
rights,share,93
accessibility,rules,93
reserved,share,93
inc,new,93
privacy,rules,93
reserved,rules,93
accessibility,privacy,93
policy,share,93
inc,reserved,93
privacy,user,92
inc,privacy,92
agreement,rules,92
rules,share,92
privacy,share,92
accessibility,new,92
rules,user,92
policy,user,92
agreement,privacy,92
agreement,policy,92
accessibility,user,92
new,share,92
agreement,create,92
create,user,92
create,share,92
create,new,92
agreement,user,92
accessibility,reserved,92
new,rules,92
agreement,reserved,92
agreement,rights,92
accessibility,agreement,92
rights,user,92
reserved,user,92
content,privacy,91
agreement,share,91
accessibility,share,91
inc,share,91
share,user,91
best,rights,91
best,new,91
best,privacy,91
policy,search,91
content,reserved,91
privacy,search,91
content,rights,91
rights,search,91
reserved,search,91
content,policy,91
best,policy,91
policy,reddit,90
reddit,share,90
privacy,reddit,90
agreement,search,90
create,inc,90
inc,rules,90
inc,reddit,90
inc,user,90
comments,policy,90
accessibility,inc,90
comments,rules,90
agreement,inc,90
comments,rights,90
comments,reserved,90
comments,user,90
comments,privacy,90
agreement,new,90
new,user,90
accessibility,comments,90
agreement,comments,90
agreement,reddit,90
reddit,user,90
accessibility,reddit,90
reddit,rights,90
comments,create,90
create,search,90
reddit,search,90
accessibility,content,90
inc,search,90
content,rules,90
rules,search,90
search,user,90
content,share,90
content,create,90
new,search,90
search,share,90
create,reddit,90
reddit,rules,90
content,user,90
reddit,reserved,90
agreement,content,90
accessibility,search,90
comments,share,89
new,reddit,89
comments,reddit,89
comments,inc,89
best,share,89
comments,search,89
accessibility,best,89
best,reserved,89
best,rules,89
best,inc,89
comments,new,89
content,new,89
content,inc,89
best,create,89
content,search,88
content,reddit,88
com,reserved,88
agreement,best,88
com,policy,88
com,privacy,88
best,user,88
com,rights,88
comments,content,88
best,comments,88
agreement,main,87
accessibility,main,87
agreement,skip,87
create,main,87
main,search,87
content,main,87
reserved,skip,87
main,privacy,87
main,policy,87
main,user,87
main,reddit,87
main,rules,87
main,reserved,87
com,create,87
content,skip,87
search,skip,87
share,skip,87
create,skip,87
agreement,com,87
accessibility,com,87
com,user,87
com,rules,87
privacy,skip,87
policy,skip,87
skip,user,87
best,reddit,87
best,search,87
com,share,87
inc,main,87
main,rights,87
best,content,87
rights,skip,87
inc,skip,87
accessibility,skip,87
reddit,skip,87
main,skip,87
main,share,87
rules,skip,87
accessibility,post,86
post,privacy,86
post,rights,86
post,reserved,86
post,rules,86
main,new,86
com,inc,86
com,new,86
comments,main,86
new,skip,86
com,content,86
create,post,86
comments,skip,86
agreement,post,86
policy,post,86
post,user,86
com,reddit,85
clean,new,85
com,search,85
clean,policy,85
clean,rights,85
new,post,85
post,share,85
com,comments,85
best,main,84
create,sort,84
content,post,84
share,sort,84
reserved,sort,84
comments,post,84
accessibility,sort,84
best,skip,84
comments,sort,84
post,search,84
rules,sort,84
search,sort,84
sort,user,84
policy,sort,84
agreement,sort,84
privacy,sort,84
rights,sort,84
inc,sort,84
reddit,sort,84
best,com,84
post,reddit,84
inc,post,84
best,sort,84
promoted,share,83
privacy,promoted,83
promoted,rules,83
promoted,reddit,83
new,sort,83
policy,promoted,83
promoted,rights,83
promoted,reserved,83
accessibility,promoted,83
inc,promoted,83
create,promoted,83
promoted,search,83
promoted,user,83
clean,reserved,83
agreement,promoted,83
content,sort,82
new,promoted,82
clean,privacy,82
com,post,82
com,skip,82
com,main,82
comments,promoted,82
best,post,82
main,post,81
main,sort,81
post,skip,81
content,promoted,81
com,promoted,81
skip,sort,81
clean,rules,80
accessibility,clean,80
post,sort,80
clean,inc,80
clean,share,80
promoted,skip,80
best,promoted,80
clean,create,80
main,promoted,80
posted,share,79
get,new,79
new,posted,79
get,rights,79
get,policy,79
com,sort,79
best,clean,79
clean,user,78
agreement,clean,78
posted,rights,78
inc,posted,78
get,reserved,78
post,promoted,78
posted,reserved,78
policy,posted,78
posted,privacy,78
clean,content,77
posted,search,77
create,posted,77
best,posted,77
comments,posted,77
post,posted,77
promoted,sort,77
agreement,posted,77
posted,user,77
clean,search,77
accessibility,posted,77
posted,rules,77
posted,reddit,77
get,inc,76
get,privacy,76
content,posted,76
clean,reddit,76
clean,comments,76
accessibility,cast,75
cast,rules,75
cast,privacy,75
new,votes,75
cast,create,75
cast,rights,75
