token,freq
energy,803
clean,775
create,625
skip,543
content,491
main,481
deleted,430
tax,400
get,379
one,378
program,344
think,289
money,279
new,275
time,269
years,267
top,265
fund,258
good,239
commenter,226
op,219
year,218
homeless,218
reddit,216
solar,211
much,208
see,206
want,205
really,197
com,196
climate,196
promoted,194
go,183
way,182
public,181
trash,179
going,178
power,175
know,173
search,173
work,171
next,170
say,170
back,169
comments,166
pay,165
use,164
lot,164
replies,160
local,157
