source,target,weight
committee,pcef,27
meeting,pcef,27
committee,meeting,27
program,public,25
energy,program,24
energy,public,24
public,review,24
meeting,program,24
committee,program,24
committee,public,24
committee,energy,24
energy,meeting,24
energy,pcef,24
meeting,public,24
pcef,public,24
pcef,program,24
program,review,24
clean,public,23
clean,program,23
energy,members,23
energy,work,23
members,program,23
members,public,23
public,work,23
program,work,23
pcef,work,23
minutes,program,23
pcef,review,23
committee,work,23
committee,minutes,23
members,pcef,23
committee,members,23
fund,public,23
community,program,23
minutes,pcef,23
minutes,public,23
meeting,review,23
meeting,work,23
energy,review,23
fund,program,23
energy,minutes,23
meeting,minutes,23
meeting,members,23
community,public,23
committee,review,23
members,review,22
members,minutes,22
energy,fund,22
committee,community,22
community,meeting,22
community,pcef,22
fund,review,22
community,review,22
review,work,22
members,work,22
minutes,work,22
clean,energy,22
community,energy,22
minutes,review,22
fund,meeting,22
fund,pcef,22
clean,committee,22
committee,fund,22
clean,review,22
clean,meeting,22
clean,minutes,22
clean,fund,22
clean,pcef,22
comment,energy,21
comment,community,21
community,work,21
clean,work,21
clean,members,21
community,minutes,21
comment,program,21
building,public,21
meeting,workforce,21
climate,program,21
climate,public,21
fund,work,21
community,fund,21
funding,public,21
public,workforce,21
clean,community,21
climate,community,21
funding,program,21
program,workforce,21
comment,pcef,21
energy,workforce,21
community,members,21
fund,minutes,21
committee,workforce,21
fund,members,21
pcef,workforce,21
comment,committee,21
comment,meeting,21
comment,public,21
building,program,21
climate,review,20
building,energy,20
clean,workforce,20
review,workforce,20
comment,review,20
building,meeting,20
comment,work,20
planning,program,20
comment,members,20
program,projects,20
clean,climate,20
climate,members,20
climate,pcef,20
projects,public,20
climate,meeting,20
climate,energy,20
work,workforce,20
open,program,20
climate,minutes,20
climate,committee,20
planning,public,20
minutes,workforce,20
comment,fund,20
open,review,20
funding,meeting,20
building,committee,20
funding,projects,20
comment,minutes,20
funding,review,20
building,pcef,20
fund,workforce,20
members,workforce,20
committee,funding,20
energy,funding,20
building,review,20
open,public,20
funding,pcef,20
comments,program,19
benefits,program,19
benefits,public,19
funding,minutes,19
meetings,public,19
grant,projects,19
meeting,projects,19
building,minutes,19
comments,minutes,19
meeting,planning,19
additional,public,19
building,community,19
meeting,open,19
additional,projects,19
energy,open,19
meeting,meetings,19
comments,energy,19
committee,meetings,19
next,review,19
climate,comment,19
projects,review,19
climate,work,19
energy,planning,19
program,request,19
clean,open,19
comments,committee,19
fund,next,19
energy,projects,19
building,clean,19
funding,members,19
clean,funding,19
planning,review,19
clean,comment,19
energy,meetings,19
benefits,fund,19
meetings,pcef,19
pcef,planning,19
additional,review,19
members,planning,19
building,members,19
next,public,19
meetings,review,19
funding,grant,19
public,request,19
committee,planning,19
comments,pcef,19
open,pcef,19
fund,funding,19
pcef,projects,19
additional,funding,19
building,fund,19
process,program,19
community,workforce,19
community,funding,19
benefits,community,19
funding,work,19
building,work,19
process,public,19
comments,public,19
comments,meeting,19
grant,public,19
additional,program,19
next,program,19
climate,fund,19
meetings,program,19
grant,program,19
committee,projects,19
committee,open,19
minutes,open,19
benefits,clean,19
action,comment,18
additional,grant,18
grant,review,18
comment,workforce,18
building,planning,18
community,project,18
minutes,planning,18
process,review,18
clean,projects,18
clean,next,18
benefits,comment,18
meetings,members,18
additional,committee,18
meeting,process,18
program,provide,18
meeting,request,18
energy,request,18
additional,energy,18
grant,meeting,18
members,open,18
additional,meeting,18
provide,public,18
building,next,18
building,open,18
energy,next,18
clean,request,18
clean,planning,18
request,workforce,18
minutes,projects,18
members,projects,18
meeting,next,18
action,public,18
provided,public,18
new,public,18
project,public,18
benefits,energy,18
funding,project,18
community,open,18
program,project,18
project,projects,18
action,energy,18
benefits,minutes,18
action,minutes,18
new,program,18
program,time,18
action,committee,18
action,meeting,18
benefits,meeting,18
community,new,18
comments,work,18
program,provided,18
action,community,18
planning,work,18
public,time,18
open,work,18
community,provide,18
meetings,work,18
projects,work,18
community,planning,18
benefits,climate,18
action,program,18
community,provided,18
community,projects,18
committee,next,18
committee,grant,18
committee,request,18
committee,process,18
fund,open,18
grant,pcef,18
pcef,process,18
additional,pcef,18
pcef,request,18
fund,request,18
fund,planning,18
fund,projects,18
members,process,18
benefits,committee,18
meetings,minutes,18
action,pcef,18
next,pcef,18
request,review,18
comments,review,18
benefits,review,18
benefits,pcef,18
action,fund,18
action,clean,18
funding,new,18
energy,grant,18
members,request,18
clean,comments,18
energy,process,18
comments,members,18
members,time,17
additional,members,17
council,review,17
