token,freq
committee,531
meeting,353
pcef,337
community,255
public,231
review,179
energy,172
program,162
members,154
funding,148
green,139
staff,136
infrastructure,134
projects,130
process,129
grant,126
comment,123
work,113
environmental,107
development,98
grants,96
subcommittee,92
climate,88
clean,87
new,87
planning,85
project,83
member,81
benefits,80
minutes,78
gsi,78
meetings,74
application,72
fund,72
applications,69
support,67
full,67
data,67
proposal,66
provide,66
urban,64
year,61
questions,61
discussion,61
workforce,61
sp,59
one,59
draft,58
building,58
within,57
