source,target,weight
get,new,199
new,policy,192
clean,new,191
energy,new,190
new,rights,188
new,one,187
best,new,185
clean,energy,177
get,one,174
policy,privacy,174
policy,rights,172
new,privacy,171
energy,get,168
best,get,167
get,policy,166
best,policy,166
new,year,165
clean,get,164
best,rights,163
get,rights,163
new,news,162
clean,policy,160
clean,rights,159
new,use,159
help,new,159
reserved,rights,158
inc,policy,158
best,clean,158
energy,one,157
inc,privacy,156
best,one,156
privacy,rights,156
best,privacy,155
inc,new,155
one,policy,155
clean,one,155
one,rights,154
much,new,153
first,new,152
new,time,152
change,new,152
get,privacy,151
energy,year,150
energy,rights,149
one,year,149
new,work,148
inc,rights,148
get,year,148
much,one,147
get,help,147
best,inc,147
get,news,147
get,much,146
energy,policy,146
news,policy,145
new,years,145
new,support,145
get,use,145
get,time,144
clean,year,144
one,use,144
best,energy,144
help,one,142
new,way,142
policy,use,142
news,one,141
much,policy,140
change,get,140
find,new,140
first,get,140
get,inc,139
one,privacy,139
new,things,139
policy,year,139
climate,energy,138
one,time,138
change,energy,138
clean,privacy,138
new,still,137
help,policy,137
clean,help,137
energy,first,137
energy,use,137
local,new,137
energy,help,136
new,public,136
find,get,136
change,one,136
clean,news,136
clean,use,135
com,rights,135
new,reserved,135
new,want,135
best,much,135
much,year,135
best,news,135
new,rules,134
energy,news,134
get,years,134
create,new,134
news,privacy,134
clean,work,134
get,support,134
best,help,134
new,take,134
news,rights,134
com,reserved,134
get,things,133
get,want,133
know,new,133
get,way,133
clean,first,133
clean,much,132
rights,year,132
one,years,132
much,rights,131
new,say,131
change,clean,131
get,work,131
new,next,131
one,things,131
first,one,131
much,use,131
get,never,131
policy,time,130
best,time,130
find,one,130
clean,time,130
best,use,130
one,still,130
new,see,130
create,policy,130
one,work,130
energy,work,129
use,year,129
year,years,129
help,use,129
million,new,129
energy,much,129
inc,one,129
energy,years,129
policy,rules,129
rights,use,129
clean,local,129
change,rights,129
good,new,129
clean,fund,129
one,support,129
help,rights,129
change,policy,129
create,rights,128
policy,things,128
never,new,128
making,new,128
energy,time,128
clean,inc,128
clean,years,128
get,still,128
get,take,128
help,privacy,128
privacy,use,128
best,year,128
rights,time,127
help,much,127
one,say,127
change,much,127
get,know,127
energy,support,126
one,way,126
work,year,126
best,change,126
best,things,126
money,new,126
time,year,126
news,use,126
much,privacy,125
local,policy,125
energy,privacy,125
new,share,125
best,first,125
energy,way,125
clean,way,125
community,new,125
new,small,125
first,policy,125
energy,fund,125
change,year,125
local,one,124
much,things,124
much,time,124
policy,still,124
enough,new,124
climate,new,124
clean,climate,124
news,year,124
help,news,124
energy,million,124
first,year,123
one,want,123
never,one,123
fund,new,123
things,use,123
get,say,123
support,use,123
new,program,123
policy,work,123
new,two,123
jobs,new,123
get,next,122
one,take,122
new,sign,122
much,news,122
change,use,122
clean,support,122
change,news,122
clean,program,121
get,making,121
get,local,121
privacy,rules,121
lot,new,121
first,rights,121
change,first,121
change,support,121
time,use,121
one,public,121
last,new,121
better,new,121
help,year,121
use,work,121
policy,years,120
clean,community,120
best,never,120
clean,want,120
million,year,120
policy,reserved,120
get,see,120
enough,get,120
best,want,120
going,new,120
clean,million,120
clean,reserved,120
rights,work,120
privacy,things,119
rights,still,119
know,one,119
best,still,119
much,work,119
rights,things,119
energy,find,119
making,one,119
much,still,119
much,years,119
rights,rules,119
best,local,119
policy,share,119
create,privacy,119
first,much,119
clean,see,119
local,news,118
rights,share,118
rights,years,118
county,new,118
best,create,118
many,new,118
get,public,118
first,help,118
find,use,118
change,time,118
energy,want,118
com,new,118
help,support,118
best,support,118
clean,next,118
clean,money,118
best,rules,118
change,help,118
first,use,117
best,find,117
get,good,117
clean,public,117
get,million,117
find,policy,117
energy,next,117
rights,support,117
community,energy,117
clean,create,117
one,small,117
privacy,year,117
policy,see,117
change,climate,117
energy,local,117
get,small,117
change,find,117
lot,one,116
work,years,116
use,years,116
much,support,116
clean,things,116
find,news,116
inc,news,116
