token,doc_freq
new,241
clean,214
rights,212
energy,210
get,209
policy,198
one,196
best,192
year,179
privacy,177
news,174
use,171
help,169
much,164
time,162
change,162
first,161
work,158
reserved,158
inc,158
years,156
support,153
local,150
way,149
want,148
find,148
things,145
take,143
know,142
public,142
com,142
still,142
next,141
say,140
see,140
million,139
climate,138
create,138
community,137
rules,137
making,136
never,136
money,136
fund,135
good,134
jobs,133
small,132
last,132
two,132
program,132
share,130
better,129
county,125
enough,125
lot,124
many,124
going,124
sign,123
