token,freq
energy,1743
clean,1296
program,894
get,823
tax,818
one,815
mercury,810
new,795
climate,768
pcef,760
create,705
fund,693
years,636
year,606
million,599
news,592
skip,555
money,529
time,528
content,522
main,501
think,469
much,450
community,450
next,445
deleted,441
public,439
want,431
help,430
change,429
use,429
policy,420
work,417
council,405
going,402
good,400
support,400
first,399
county,389
measure,387
way,384
say,381
know,373
projects,372
power,371
local,367
housing,358
see,356
go,355
back,347
